{"env_frames": 129368064, "rollout_fps": 27028.497796340347, "curriculum/active_dyn_obs": 0, "curriculum/vel_min": 0.2, "curriculum/vel_max": 2.0, "feature_grad_norm": 0.9969936609268188, "critic_grad_norm": 0.2185412347316742, "actor_loss": -1.624773722141981e-05, "entropy": 0.006727413274347782, "actor_grad_norm": 0.6410214900970459, "explained_var": 0.9686808586120605, "critic_loss": 0.028900738805532455, "eval/stats.collision": 0.126953125, "eval/stats.episode_len": 1628.580078125, "eval/stats.reach_goal": 0.845703125, "eval/stats.return": 2757.234375, "eval/stats.truncated": 0.01171875, "recording": {"_type": "video-file", "sha256": "ce43a8ae775e6da36652c5ae21b13c7d3e1ee92c7663d1bef5a722b99c40f3fc", "size": 2710663, "path": "media/videos/recording_7500_ce43a8ae775e6da36652.mp4", "width": 1280, "height": 720}, "_timestamp": 1773905792, "_runtime": 10778, "_step": 7895, "train/stats.truncated": 0.00968992244452238, "train/stats.episode_len": 1102.3585205078125, "train/stats.collision": 0.13372093439102173, "train/stats.return": 2440.63720703125, "train/stats.reach_goal": 0.8217054009437561, "_wandb": {"runtime": 10776}}