{"env_frames": 61997056, "rollout_fps": 25530.60872453931, "critic_loss": 0.020198887214064598, "actor_grad_norm": 0.9057616591453552, "critic_grad_norm": 0.14408563077449799, "actor_loss": -0.027924610301852226, "explained_var": 0.9562481045722961, "entropy": 0.003363829106092453, "reward/reward_total": 1.7487866878509521, "reward/reward_task": 2.000519037246704, "safety/nu": 1.8413686752319336, "safety/cost_mean": 0.1367342323064804, "safety/Hazardous_rate": 0.3441009521484375, "reward/CBF_penalty": 0.2517781322010393, "eval/stats.cbf_cost": 403.5376281738281, "eval/stats.collision": 0.140625, "eval/stats.episode_len": 2065.658203125, "eval/stats.reach_goal": 0.58984375, "eval/stats.return": 4220.34765625, "eval/stats.truncated": 0.271484375, "recording": {"_type": "video-file", "sha256": "8c09304a8ad96acb24f7917f2c51eae7d64e3adbef90c05d3a752ee8476b34c7", "size": 3908811, "path": "media/videos/recording_900_8c09304a8ad96acb24f7.mp4", "width": 960, "height": 720}, "_timestamp": 1766506156, "_runtime": 5576, "_step": 945, "train/stats.reach_goal": 0.6838487982749939, "train/stats.truncated": 0.23883160948753357, "train/stats.collision": 0.07560137659311295, "train/stats.cbf_cost": 235.706298828125, "train/stats.return": 3636.134521484375, "train/stats.episode_len": 1417.6185302734375, "_wandb": {"runtime": 5575}}