{"batch_idx": 5, "batch/success_rate": 0.9649999737739563, "batch/collision_rate": 0.03500000014901161, "batch/timeout_rate": 0.9649999737739563, "batch/return": 7778.708984375, "batch/episode_len": 2151.550048828125, "_timestamp": 1766135371, "_runtime": 959, "_step": 5, "final/success_rate": 0.971999990940094, "final/collision_rate": 0.027999999932944775, "final/timeout_rate": 0.971999990940094, "final/avg_return": 7834.73984375, "final/avg_length": 2164.605029296875, "_wandb": {"runtime": 958}}