{"batch_idx": 5, "batch/success_rate": 0.35499998927116394, "batch/collision_rate": 0.6449999809265137, "batch/timeout_rate": 0.35499998927116394, "batch/return": 7886.0224609375, "batch/episode_len": 1555.074951171875, "_timestamp": 1766138005, "_runtime": 957, "_step": 5, "final/success_rate": 0.3449999988079071, "final/collision_rate": 0.6239999890327453, "final/timeout_rate": 0.3759999930858612, "final/avg_return": 6895.4771484375, "final/avg_length": 1354.13798828125, "_wandb": {"runtime": 956}}