{"env_frames": 17989632, "rollout_fps": 14701.252486347266, "curriculum/active_dyn_obs": 0, "curriculum/vel_min": 0.2, "curriculum/vel_max": 2.0, "critic_grad_norm": 0.04140695929527283, "feature_grad_norm": 1.9535727500915527, "entropy": 0.002534611616283655, "actor_loss": -0.010146686807274818, "explained_var": 0.9986609220504761, "critic_loss": 0.0006629765266552567, "actor_grad_norm": 0.919910728931427, "eval/stats.collision": 0.021484375, "eval/stats.episode_len": 187.271484375, "eval/stats.reach_goal": 0.0, "eval/stats.return": 220.15370178222656, "eval/stats.truncated": 0.0, "recording": {"_type": "video-file", "sha256": "9d30a6638aef0d8ef8341893f37e06d8495c36015b06fa08915752d02c72ac79", "size": 1481201, "path": "media/videos/recording_1000_9d30a6638aef0d8ef834.mp4", "width": 1280, "height": 720}, "_timestamp": 1773845413, "_runtime": 1979, "_step": 1097, "train/stats.episode_len": 644.8086547851562, "train/stats.truncated": 0.200750470161438, "train/stats.return": 48741.43359375, "train/stats.collision": 0.03939962387084961, "train/stats.reach_goal": 0.1876172572374344, "_wandb": {"runtime": 1977}}