{"_runtime": 12147, "_step": 10558, "_timestamp": 1773921351, "actor_grad_norm": 0.8339212536811829, "actor_loss": -0.0042746830731630325, "critic_grad_norm": 0.20392850041389465, "critic_loss": 0.001390611520037055, "curriculum/active_dyn_obs": 0, "curriculum/vel_max": 3.0, "curriculum/vel_min": 0.2, "entropy": 0.0008942275890149176, "env_frames": 134774784, "eval/stats.collision": 0.03125, "eval/stats.episode_len": 1623.138671875, "eval/stats.reach_goal": 0.96875, "eval/stats.return": 3087.689453125, "eval/stats.truncated": 0.0, "explained_var": 0.9972960352897644, "feature_grad_norm": 3.5331954956054688, "recording": {"_type": "video-file", "sha256": "c6d7c569ca292f741d2187d5ec1aab476f5cded7b19eabf6f0d4cc5987e06d63", "size": 2364396, "path": "media/videos/recording_9833_c6d7c569ca292f741d21.mp4", "width": 1280, "height": 720}, "rollout_fps": 25226.261404719204, "train/stats.collision": 0.043977055698633194, "train/stats.episode_len": 1133.0, "train/stats.reach_goal": 0.9560229182243347, "train/stats.return": 2880.893310546875, "train/stats.truncated": 0.0}