{"env_frames": 24993792, "rollout_fps": 12930.0844011712, "critic_grad_norm": 0.14372014999389648, "critic_loss": 0.00906804483383894, "actor_loss": 0.00903265830129385, "actor_grad_norm": 0.6394264101982117, "explained_var": 0.9778639078140259, "entropy": 0.003814083756878972, "eval/stats.collision": 0.7109375, "eval/stats.episode_len": 1188.375, "eval/stats.reach_goal": 0.13671875, "eval/stats.return": 5324.380859375, "eval/stats.truncated": 0.2890625, "recording": {"_type": "video-file", "sha256": "705dbb96efb4378c43133c4f67ad3f93e825c50b8da085ef68e4509cecca750f", "size": 5380927, "path": "media/videos/recording_3000_705dbb96efb4378c4313.mp4", "width": 960, "height": 720}, "_timestamp": 1765259340, "_runtime": 3459, "_step": 3050, "train/stats.truncated": 0.5155038833618164, "train/stats.reach_goal": 0.4651162922382355, "train/stats.collision": 0.4844961166381836, "train/stats.return": 5412.38330078125, "train/stats.episode_len": 1448.6473388671875, "_wandb": {"runtime": 3456}}