{"env_frames": 196608, "rollout_fps": 43376.28577286865, "eval/stats.collision": 0.443359375, "eval/stats.episode_len": 1707.94921875, "eval/stats.reach_goal": 0.54296875, "eval/stats.return": 6814.8544921875, "eval/stats.truncated": 0.556640625, "recording": {"_type": "video-file", "sha256": "818aff9effd8abcaef6f8decc5c12252ab0e23737d0f6cc3629cd18053e02196", "size": 4558340, "path": "media/videos/recording_2_818aff9effd8abcaef6f.mp4", "width": 960, "height": 720}, "_timestamp": 1765986781, "_runtime": 847, "_step": 2, "_wandb": {"runtime": 883}}