{"env_frames": 33259520, "rollout_fps": 30841.730587807855, "curriculum/active_dyn_obs": 0, "curriculum/vel_min": 0.2, "curriculum/vel_max": 5.0, "feature_grad_norm": 1.3774223327636719, "actor_grad_norm": 0.2923552393913269, "entropy": 0.006042251363396645, "critic_loss": 0.005345450714230537, "critic_grad_norm": 0.1314675360918045, "explained_var": 0.9904539585113525, "actor_loss": -0.008047298528254032, "eval/stats.collision": 0.3359375, "eval/stats.episode_len": 1268.576171875, "eval/stats.reach_goal": 0.048828125, "eval/stats.return": 1897.9439697265625, "eval/stats.truncated": 0.318359375, "recording": {"_type": "video-file", "sha256": "b77f9f2e8042460e6f3c2f3787710f7883e759d9948f46e6eec7f1788dd8e1a3", "size": 4597055, "path": "media/videos/recording_1800_b77f9f2e8042460e6f3c.mp4", "width": 1280, "height": 720}, "_timestamp": 1773728315, "_runtime": 2812, "_step": 2029, "train/stats.return": 1668.953857421875, "train/stats.reach_goal": 0.01937984488904476, "train/stats.truncated": 0.6143410801887512, "train/stats.episode_len": 1651.1026611328125, "train/stats.collision": 0.2577519416809082, "_wandb": {"runtime": 2812}}