{"env_frames": 392069120, "rollout_fps": 40168.70578555816, "actor_grad_norm": 0.2863999605178833, "entropy": 0.0066117639653384686, "critic_loss": 0.01996086910367012, "explained_var": 0.961272120475769, "actor_loss": -0.00638785632327199, "critic_grad_norm": 0.15109342336654663, "eval/stats.collision": 0.7880859375, "eval/stats.episode_len": 1093.6630859375, "eval/stats.reach_goal": 0.201171875, "eval/stats.return": 6373.873046875, "eval/stats.truncated": 0.2119140625, "recording": {"_type": "video-file", "sha256": "03510063c51934485d2366cd2d8f6c9754d82ca921135e52f3a870eddec0294d", "size": 7781094, "path": "media/videos/recording_11000_03510063c51934485d23.mp4", "width": 960, "height": 720}, "_timestamp": 1766130725, "_runtime": 18785, "_step": 11964, "train/stats.reach_goal": 0.6136585474014282, "train/stats.episode_len": 1742.769775390625, "train/stats.collision": 0.33073171973228455, "train/stats.return": 11434.5927734375, "train/stats.truncated": 0.6663414835929871}