{"batch_idx": 5, "batch/success_rate": 0.36500000953674316, "batch/collision_rate": 0.6349999904632568, "batch/timeout_rate": 0.36500000953674316, "batch/return": 6410.73291015625, "batch/episode_len": 1237.425048828125, "_timestamp": 1766136650, "_runtime": 975, "_step": 5, "final/success_rate": 0.5350000023841858, "final/collision_rate": 0.46399999856948854, "final/timeout_rate": 0.5360000014305115, "final/avg_return": 7920.33798828125, "final/avg_length": 1545.2580078125, "_wandb": {"runtime": 975}}