{"env_frames": 30212096, "rollout_fps": 22335.57352299539, "critic_loss": 0.019904641434550285, "critic_grad_norm": 0.11498971283435822, "explained_var": 0.9654796719551086, "entropy": 0.02207803539931774, "actor_grad_norm": 0.749969482421875, "actor_loss": -0.02379724197089672, "reward/reward_total": 1.6117758750915527, "reward/reward_task": 1.8378713130950928, "safety/nu": 2.7053608894348145, "safety/cost_mean": 0.08362510055303574, "safety/Hazardous_rate": 0.283416748046875, "reward/CBF_penalty": 0.22623607641123655, "eval/stats.cbf_cost": 368.02874755859375, "eval/stats.collision": 0.10546875, "eval/stats.episode_len": 2065.212890625, "eval/stats.reach_goal": 0.0, "eval/stats.return": 3414.57470703125, "eval/stats.truncated": 0.89453125, "recording": {"_type": "video-file", "sha256": "00667f303df6b9fded4fcf2e1489793d42e93f8c2fbf77a384fb7f7cb4358ede", "size": 3817418, "path": "media/videos/recording_300_00667f303df6b9fded4f.mp4", "width": 960, "height": 720}, "_timestamp": 1766479707, "_runtime": 2912, "_step": 460, "train/stats.return": 3467.050537109375, "train/stats.episode_len": 1468.598876953125, "train/stats.reach_goal": 0.5969581604003906, "train/stats.truncated": 0.3498098850250244, "train/stats.collision": 0.051330797374248505, "train/stats.cbf_cost": 144.17901611328125, "_wandb": {"runtime": 2913}}