{"env_frames": 34340864, "rollout_fps": 26915.2910155016, "curriculum/active_dyn_obs": 0, "curriculum/vel_min": 0.2, "curriculum/vel_max": 2.0, "explained_var": 0.9717308282852173, "entropy": 0.0053844330832362175, "critic_loss": 0.013604925014078617, "feature_grad_norm": 0.9063363075256348, "actor_loss": -0.005671109072864056, "critic_grad_norm": 0.16247448325157166, "actor_grad_norm": 0.8603960275650024, "eval/stats.collision": 0.3984375, "eval/stats.episode_len": 1041.638671875, "eval/stats.reach_goal": 0.220703125, "eval/stats.return": 2163.6953125, "eval/stats.truncated": 0.0, "recording": {"_type": "video-file", "sha256": "bfae389571046830cd7b60d2726762b7fef17497d6fa3c4788bee0171197e024", "size": 3885144, "path": "media/videos/recording_2000_bfae389571046830cd7b.mp4", "width": 1280, "height": 720}, "_timestamp": 1773838111, "_runtime": 3334, "_step": 2095, "train/stats.reach_goal": 0.6596958041191101, "train/stats.truncated": 0.0, "train/stats.return": 2349.9169921875, "train/stats.episode_len": 1050.617919921875, "train/stats.collision": 0.23954372107982635}