{"env_frames": 78839808, "rollout_fps": 21318.232514940795, "entropy": 0.004843507893383503, "explained_var": 0.9584701657295227, "critic_grad_norm": 0.1748051941394806, "actor_grad_norm": 1.0664445161819458, "critic_loss": 0.014878387562930584, "actor_loss": -0.014647901058197021, "reward/reward_total": 2.2594597339630127, "reward/reward_task": 2.4171619415283203, "safety/nu": 1.5882927179336548, "safety/cost_mean": 0.09927761554718018, "safety/Hazardous_rate": 0.2636871337890625, "reward/CBF_penalty": 0.15768191382740326, "eval/stats.cbf_cost": 538.1572875976562, "eval/stats.collision": 0.16015625, "eval/stats.episode_len": 1799.1875, "eval/stats.reach_goal": 0.791015625, "eval/stats.return": 4204.14208984375, "eval/stats.truncated": 0.046875, "recording": {"_type": "video-file", "sha256": "887a94f2ae4030f0f79f22c3aed3de1d8098409cecabdaba5859b7375c3f4b7a", "size": 5373288, "path": "media/videos/recording_1200_887a94f2ae4030f0f79f.mp4", "width": 960, "height": 720}, "_timestamp": 1766553374, "_runtime": 7686, "_step": 1202, "train/stats.reach_goal": 0.848197340965271, "train/stats.episode_len": 1270.7779541015625, "train/stats.cbf_cost": 253.7528533935547, "train/stats.truncated": 0.07400379329919815, "train/stats.collision": 0.07779885828495026, "train/stats.return": 3828.20068359375, "_wandb": {"runtime": 7687}}