{"env_frames": 40124416, "rollout_fps": 27780.027380306758, "curriculum/active_dyn_obs": 0, "curriculum/vel_min": 0.2, "curriculum/vel_max": 2.0, "actor_loss": -0.01358085498213768, "critic_loss": 0.01274840161204338, "entropy": 0.005836334079504013, "explained_var": 0.9744067192077637, "actor_grad_norm": 0.8525629043579102, "feature_grad_norm": 2.9927620887756348, "critic_grad_norm": 0.17307977378368378, "eval/stats.collision": 0.41015625, "eval/stats.episode_len": 640.072265625, "eval/stats.reach_goal": 0.0, "eval/stats.return": 848.7603759765625, "eval/stats.truncated": 0.02734375, "recording": {"_type": "video-file", "sha256": "bdbbba6c982881dd78a63c8cca1ef047a85504645a4375a4856962d7f3a601e3", "size": 2876753, "path": "media/videos/recording_2000_bdbbba6c982881dd78a6.mp4", "width": 1280, "height": 720}, "_timestamp": 1773834326, "_runtime": 3853, "_step": 2448, "train/stats.return": 793.585693359375, "train/stats.episode_len": 729.8095092773438, "train/stats.truncated": 0.1847619116306305, "train/stats.reach_goal": 0.0057142856530845165, "train/stats.collision": 0.2990476191043854, "_wandb": {"runtime": 3851}}