{"env_frames": 53444608, "rollout_fps": 30858.146153987072, "curriculum/active_dyn_obs": 0, "curriculum/vel_min": 0.2, "curriculum/vel_max": 3.0, "actor_loss": -0.00933443009853363, "explained_var": 0.994783878326416, "critic_grad_norm": 0.10502862930297852, "entropy": 0.005680340342223644, "feature_grad_norm": 2.141908645629883, "actor_grad_norm": 0.5769921541213989, "critic_loss": 0.0028634006157517433, "eval/stats.collision": 0.46484375, "eval/stats.episode_len": 1234.11328125, "eval/stats.reach_goal": 0.380859375, "eval/stats.return": 2791.0087890625, "eval/stats.truncated": 0.0, "recording": {"_type": "video-file", "sha256": "441d1e52812a53f19dddb932fbf1fa01a003afc3ce0a7c86dfea6f58c9685d8c", "size": 4637361, "path": "media/videos/recording_3000_441d1e52812a53f19ddd.mp4", "width": 1280, "height": 720}, "_timestamp": 1773829541, "_runtime": 4057, "_step": 3261, "train/stats.reach_goal": 0.6424474120140076, "train/stats.episode_len": 1108.8221435546875, "train/stats.truncated": 0.021032504737377167, "train/stats.return": 2671.363525390625, "train/stats.collision": 0.28871893882751465, "_wandb": {"runtime": 4055}}