{"env_frames": 100007936, "rollout_fps": 26423.181552829858, "critic_grad_norm": 0.060991205275058746, "critic_loss": 0.009986932389438152, "explained_var": 0.978934109210968, "actor_loss": -0.005176951177418232, "entropy": 0.021549798548221588, "actor_grad_norm": 0.22479720413684845, "eval/stats.collision": 0.572265625, "eval/stats.episode_len": 1356.466796875, "eval/stats.reach_goal": 0.3984375, "eval/stats.return": 6051.24658203125, "eval/stats.truncated": 0.427734375, "recording": {"_type": "video-file", "sha256": "0fed26ca219a909bacf809b8d1692c66a944ec17ddec4bff830b0e1db9902856", "size": 5728554, "path": "media/videos/recording_6000_0fed26ca219a909bacf8.mp4", "width": 960, "height": 720}, "_timestamp": 1764776663, "_runtime": 7293, "_step": 6103, "train/stats.episode_len": 1982.6064453125, "train/stats.truncated": 0.8379629850387573, "train/stats.reach_goal": 0.8070987462997437, "train/stats.collision": 0.16203702986240387, "train/stats.return": 6947.99462890625, "_wandb": {"runtime": 7292}}