{"env_frames": 87293952, "rollout_fps": 22319.468259384943, "entropy": 0.027632666751742363, "explained_var": 0.9664556384086609, "actor_grad_norm": 0.7080367207527161, "critic_loss": 0.015547866001725197, "critic_grad_norm": 0.0980893149971962, "actor_loss": -0.02966753952205181, "reward/reward_total": 1.9433116912841797, "reward/reward_task": 2.1927638053894043, "safety/nu": 3.700394630432129, "safety/cost_mean": 0.06742817163467407, "safety/Hazardous_rate": 0.223236083984375, "reward/CBF_penalty": 0.24951084425680392, "eval/stats.cbf_cost": 286.8616638183594, "eval/stats.collision": 0.25, "eval/stats.episode_len": 1799.978515625, "eval/stats.reach_goal": 0.71484375, "eval/stats.return": 4115.86279296875, "eval/stats.truncated": 0.03515625, "recording": {"_type": "video-file", "sha256": "f2d4044ef34b9b2bef199f008994f7c8b39dd1fbce6f9715048c6f4172930089", "size": 5176184, "path": "media/videos/recording_1200_f2d4044ef34b9b2bef19.mp4", "width": 960, "height": 720}, "_timestamp": 1766395144, "_runtime": 8407, "_step": 1331, "train/stats.collision": 0.06581352651119232, "train/stats.cbf_cost": 90.68656921386719, "train/stats.truncated": 0.12797075510025024, "train/stats.return": 3870.744873046875, "train/stats.reach_goal": 0.8025594353675842, "train/stats.episode_len": 1339.6690673828125, "_wandb": {"runtime": 8406}}