{"env_frames": 100007936, "rollout_fps": 21629.223192618298, "critic_grad_norm": 0.09967868775129318, "entropy": 0.027652984485030174, "actor_loss": -0.031069790944457054, "actor_grad_norm": 0.710815966129303, "critic_loss": 0.014880138449370861, "explained_var": 0.9712543487548828, "reward/reward_total": 1.468804955482483, "reward/reward_task": 1.6343339681625366, "safety/nu": 3.072474241256714, "safety/cost_mean": 0.053885024040937424, "safety/Hazardous_rate": 0.218963623046875, "reward/CBF_penalty": 0.165560348355279, "eval/stats.cbf_cost": 225.14793395996094, "eval/stats.collision": 0.138671875, "eval/stats.episode_len": 1867.576171875, "eval/stats.reach_goal": 0.83984375, "eval/stats.return": 3157.817138671875, "eval/stats.truncated": 0.021484375, "recording": {"_type": "video-file", "sha256": "aed2eff62b454427a128df7a068694e033a2a7daaed4ce2cf94c81c10eace7f3", "size": 4444775, "path": "media/videos/recording_1500_aed2eff62b454427a128.mp4", "width": 960, "height": 720}, "_timestamp": 1765461919, "_runtime": 9833, "_step": 1525, "train/stats.episode_len": 1201.5152587890625, "train/stats.collision": 0.11259541660547256, "train/stats.cbf_cost": 53.71582794189453, "train/stats.reach_goal": 0.8874045610427856, "train/stats.truncated": 0.0, "train/stats.return": 2464.25390625, "_wandb": {"runtime": 9829}}