{"env_frames": 53772288, "rollout_fps": 27284.5061173474, "curriculum/active_dyn_obs": 0, "curriculum/vel_min": 0.2, "curriculum/vel_max": 5.0, "feature_grad_norm": 2.1995344161987305, "critic_loss": 0.002635003998875618, "actor_grad_norm": 0.43394190073013306, "actor_loss": -0.005282439757138491, "critic_grad_norm": 0.12550386786460876, "explained_var": 0.9955029487609863, "entropy": 0.00719249714165926, "eval/stats.collision": 0.029296875, "eval/stats.episode_len": 1986.908203125, "eval/stats.reach_goal": 0.908203125, "eval/stats.return": 4577.388671875, "eval/stats.truncated": 0.0625, "recording": {"_type": "video-file", "sha256": "fa0cb7c0e362ed847e90bc4b85c6265497c88580f25ae476f211ec56106bbc2a", "size": 4252456, "path": "media/videos/recording_3000_fa0cb7c0e362ed847e90.mp4", "width": 1280, "height": 720}, "_timestamp": 1773672727, "_runtime": 4384, "_step": 3281, "train/stats.episode_len": 1381.2734375, "train/stats.collision": 0.087890625, "train/stats.return": 3854.4228515625, "train/stats.truncated": 0.138671875, "train/stats.reach_goal": 0.642578125, "_wandb": {"runtime": 4382}}