{"batch_idx": 5, "batch/success_rate": 0.3100000023841858, "batch/collision_rate": 0.6899999976158142, "batch/timeout_rate": 0.3100000023841858, "batch/return": 6544.5712890625, "batch/episode_len": 1255.1800537109375, "_timestamp": 1766139332, "_runtime": 989, "_step": 5, "final/success_rate": 0.28599999845027924, "final/collision_rate": 0.706000006198883, "final/timeout_rate": 0.2939999967813492, "final/avg_return": 6450.755078125, "final/avg_length": 1243.2440185546875, "_wandb": {"runtime": 988}}