{"env_frames": 6979584, "rollout_fps": 19380.41645009273, "actor_loss": -0.004444226156920195, "explained_var": 0.9338703155517578, "actor_grad_norm": 0.3598657250404358, "critic_grad_norm": 0.17001783847808838, "entropy": 0.014046305790543556, "critic_loss": 0.022273192182183266, "eval/stats.collision": 0.0, "eval/stats.episode_len": 2200.0, "eval/stats.reach_goal": 0.0, "eval/stats.return": 2840.735595703125, "eval/stats.truncated": 1.0, "recording": {"_type": "video-file", "sha256": "8a752abba8008e9c0fee4dfe5ace88b8957a5bdc01e907cecfd84565e74e9aef", "size": 5116268, "path": "media/videos/recording_0_8a752abba8008e9c0fee.mp4", "width": 960, "height": 720}, "_timestamp": 1765199612, "_runtime": 904, "_step": 425, "train/stats.reach_goal": 0.4670542776584625, "train/stats.return": 7638.5830078125, "train/stats.collision": 0.45348837971687317, "train/stats.truncated": 0.5251938104629517, "train/stats.episode_len": 1546.9534912109375}