{"env_frames": 60293120, "rollout_fps": 26405.78073888039, "entropy": 0.0241024661809206, "actor_grad_norm": 0.6843559145927429, "critic_grad_norm": 0.09805841743946075, "actor_loss": -0.02842462621629238, "critic_loss": 0.014656159095466137, "explained_var": 0.9682011008262634, "reward/reward_total": 1.9336674213409424, "reward/reward_task": 2.091796398162842, "safety/nu": 1.4390933513641357, "safety/cost_mean": 0.1098654642701149, "safety/Hazardous_rate": 0.2969818115234375, "reward/CBF_penalty": 0.15810665917565636, "eval/stats.cbf_cost": 807.9060668945312, "eval/stats.collision": 0.28125, "eval/stats.episode_len": 1967.16015625, "eval/stats.reach_goal": 0.21875, "eval/stats.return": 3577.75048828125, "eval/stats.truncated": 0.50390625, "recording": {"_type": "video-file", "sha256": "3b14775c50e1e30627cbab13db4d43f93195c201a9f3e93c1a41afa537d0f174", "size": 3919568, "path": "media/videos/recording_900_3b14775c50e1e30627cb.mp4", "width": 960, "height": 720}, "_timestamp": 1766485375, "_runtime": 5560, "_step": 919, "train/stats.truncated": 0.04411764815449715, "train/stats.return": 2446.90380859375, "train/stats.reach_goal": 0.8805146813392639, "train/stats.episode_len": 916.8952026367188, "train/stats.collision": 0.06433823704719543, "train/stats.cbf_cost": 72.18531036376953}