{"env_frames": 100007936, "rollout_fps": 20815.274868578996, "actor_loss": -0.033656831830739975, "critic_grad_norm": 0.11128922551870346, "critic_loss": 0.01740451529622078, "entropy": 0.03042343258857727, "actor_grad_norm": 0.7288829684257507, "explained_var": 0.9668459296226501, "reward/reward_total": 2.2056221961975098, "reward/reward_task": 2.46802020072937, "safety/nu": 3.379258871078491, "safety/cost_mean": 0.07767602801322937, "safety/Hazardous_rate": 0.2509307861328125, "reward/CBF_penalty": 0.26248740673384674, "eval/stats.cbf_cost": 287.5662841796875, "eval/stats.collision": 0.126953125, "eval/stats.episode_len": 1803.8671875, "eval/stats.reach_goal": 0.87109375, "eval/stats.return": 4636.8935546875, "eval/stats.truncated": 0.00390625, "recording": {"_type": "video-file", "sha256": "faa5b0c59f89ce04ee466713ba50fcedcbac9ebc889eaf20adc6099db789bad6", "size": 4776336, "path": "media/videos/recording_1500_faa5b0c59f89ce04ee46.mp4", "width": 960, "height": 720}, "_timestamp": 1765540352, "_runtime": 9635, "_step": 1525, "train/stats.episode_len": 1336.470947265625, "train/stats.cbf_cost": 114.60967254638672, "train/stats.truncated": 0.07636363804340363, "train/stats.collision": 0.10181818157434464, "train/stats.reach_goal": 0.8218181729316711, "train/stats.return": 4155.26220703125, "_wandb": {"runtime": 9634}}