{"env_frames": 106545152, "rollout_fps": 27504.802070670685, "curriculum/active_dyn_obs": 0, "curriculum/vel_min": 0.2, "curriculum/vel_max": 3.0, "feature_grad_norm": 1.7007218599319458, "explained_var": 0.9782959222793579, "actor_loss": -0.001679565291851759, "entropy": 0.006522022653371096, "actor_grad_norm": 0.5056509971618652, "critic_loss": 0.010989584028720856, "critic_grad_norm": 0.1835448145866394, "eval/stats.collision": 0.326171875, "eval/stats.episode_len": 1085.951171875, "eval/stats.reach_goal": 0.244140625, "eval/stats.return": 3313.675537109375, "eval/stats.truncated": 0.0, "recording": {"_type": "video-file", "sha256": "35f6eae19193b7d48bf9d0f5a660a704ee4185de82e14bc03bccacd5d8916aad", "size": 3641474, "path": "media/videos/recording_6000_35f6eae19193b7d48bf9.mp4", "width": 1280, "height": 720}, "_timestamp": 1773744195, "_runtime": 7714, "_step": 6502, "train/stats.collision": 0.17760618031024933, "train/stats.truncated": 0.0154440151527524, "train/stats.episode_len": 1111.9652099609375, "train/stats.return": 3595.567138671875, "train/stats.reach_goal": 0.7374517321586609}