{"env_frames": 52477952, "rollout_fps": 29502.143190002014, "curriculum/active_dyn_obs": 0, "curriculum/vel_min": 0.2, "curriculum/vel_max": 2.0, "actor_grad_norm": 0.790106475353241, "entropy": 0.005638204514980316, "critic_loss": 0.021292855963110924, "actor_loss": -0.005870345048606396, "explained_var": 0.964259147644043, "feature_grad_norm": 1.2177605628967285, "critic_grad_norm": 0.1858096718788147, "eval/stats.collision": 0.8984375, "eval/stats.episode_len": 1438.298828125, "eval/stats.reach_goal": 0.44140625, "eval/stats.return": 2342.0625, "eval/stats.truncated": 0.095703125, "recording": {"_type": "video-file", "sha256": "a6a97840d0f8095ceac2930909ad7ba97b2937298c9add0c2016d32d9da44ae8", "size": 2693049, "path": "media/videos/recording_3000_a6a97840d0f8095ceac2.mp4", "width": 1280, "height": 720}, "_timestamp": 1773894167, "_runtime": 4618, "_step": 3202, "train/stats.episode_len": 1149.470947265625, "train/stats.collision": 0.9089147448539734, "train/stats.return": 2512.92529296875, "train/stats.reach_goal": 0.7984496355056763, "train/stats.truncated": 0.025193799287080765, "_wandb": {"runtime": 4616}}