{"env_frames": 38584320, "rollout_fps": 26348.853751035695, "curriculum/active_dyn_obs": 0, "curriculum/vel_min": 0.2, "curriculum/vel_max": 3.0, "critic_loss": 0.06479895859956741, "critic_grad_norm": 0.456397145986557, "entropy": 0.004210274666547775, "explained_var": 0.8919568657875061, "actor_loss": -0.003732824930921197, "feature_grad_norm": 1.30559241771698, "actor_grad_norm": 0.28744739294052124, "eval/stats.collision": 0.060546875, "eval/stats.episode_len": 1633.27734375, "eval/stats.reach_goal": 0.921875, "eval/stats.return": 3036.191650390625, "eval/stats.truncated": 0.017578125, "recording": {"_type": "video-file", "sha256": "b8795099610267956069ac7d08f70ed10ca247862a0b2bc72ee933d6b9451890", "size": 2593132, "path": "media/videos/recording_1500_b8795099610267956069.mp4", "width": 1280, "height": 720}, "_timestamp": 1773911448, "_runtime": 3361, "_step": 2354, "train/stats.collision": 0.05242718383669853, "train/stats.reach_goal": 0.9417475461959839, "train/stats.return": 2955.46044921875, "train/stats.truncated": 0.0038834952283650637, "train/stats.episode_len": 1167.4835205078125}