{"env_frames": 262144, "rollout_fps": 41186.502806996, "eval/stats.collision": 0.03125, "eval/stats.episode_len": 2159.095703125, "eval/stats.reach_goal": 0.96875, "eval/stats.return": 7837.71875, "eval/stats.truncated": 0.96875, "recording": {"_type": "video-file", "sha256": "c9cf1e54ea78ffb49b8800cab66ca3b1f18024b62a53164e30f09504b98a4607", "size": 3257773, "path": "media/videos/recording_3_c9cf1e54ea78ffb49b88.mp4", "width": 960, "height": 720}, "_timestamp": 1765985532, "_runtime": 1066, "_step": 3, "_wandb": {"runtime": 1212}}