{"env_frames": 100001792, "rollout_fps": 3450.713646408475, "critic_grad_norm": 0.20231178402900696, "actor_loss": -0.009065140970051289, "critic_loss": 0.047916166484355927, "entropy": 0.0044546062126755714, "explained_var": 0.9176815152168274, "actor_grad_norm": 0.2202102243900299, "eval/stats.collision": 0.578125, "eval/stats.episode_len": 1358.0, "eval/stats.reach_goal": 0.40625, "eval/stats.return": 5033.51025390625, "eval/stats.truncated": 0.421875, "recording": {"_type": "video-file", "sha256": "4e9b04a4dcb2d776a0d44b26715509cb9749b5a91568d3dfa541509451b8111c", "size": 3053214, "path": "media/videos/recording_48000_4e9b04a4dcb2d776a0d4.mp4", "width": 960, "height": 720}, "_timestamp": 1764033834, "_runtime": 61370, "_step": 48828, "train/stats.episode_len": 1340.21875, "train/stats.return": 4420.63818359375, "train/stats.truncated": 0.484375, "train/stats.collision": 0.515625, "train/stats.reach_goal": 0.46875, "_wandb": {"runtime": 61369}}