{"env_frames": 100007936, "rollout_fps": 27766.805395026287, "actor_loss": -0.010788789950311184, "entropy": 0.02200641669332981, "critic_grad_norm": 0.04843282699584961, "actor_grad_norm": 0.5726200938224792, "critic_loss": 0.0072217597626149654, "explained_var": 0.9852390289306641, "eval/stats.collision": 0.416015625, "eval/stats.episode_len": 1677.376953125, "eval/stats.reach_goal": 0.55078125, "eval/stats.return": 6793.50244140625, "eval/stats.truncated": 0.583984375, "recording": {"_type": "video-file", "sha256": "2f073ac2e515ab13a0e7db093c6dba4f1df31f6277e61bbe79e79129ecc20aa2", "size": 5028949, "path": "media/videos/recording_1500_2f073ac2e515ab13a0e7.mp4", "width": 960, "height": 720}, "_timestamp": 1765983239, "_runtime": 6078, "_step": 1525, "train/stats.truncated": 0.7888000011444092, "train/stats.episode_len": 1940.7791748046875, "train/stats.return": 6878.8134765625, "train/stats.reach_goal": 0.7504000067710876, "train/stats.collision": 0.21119999885559082, "_wandb": {"runtime": 6077}}