{"batch_idx": 5, "batch/success_rate": 0.25999999046325684, "batch/collision_rate": 0.08500000089406967, "batch/timeout_rate": 0.6549999713897705, "batch/return": 3947.339599609375, "batch/episode_len": 2106.534912109375, "_timestamp": 1766496036, "_runtime": 833, "_step": 5, "final/success_rate": 0.30799999833106995, "final/collision_rate": 0.061000000312924386, "final/timeout_rate": 0.6369999885559082, "final/avg_return": 4008.347119140625, "final/avg_length": 2134.039990234375, "_wandb": {"runtime": 833}}