{"env_frames": 100007936, "rollout_fps": 21891.537840895002, "entropy": 0.004708678461611271, "critic_grad_norm": 0.13078673183918, "actor_grad_norm": 0.3573910892009735, "explained_var": 0.9807184338569641, "critic_loss": 0.009002949111163616, "actor_loss": -0.007667632307857275, "eval/stats.collision": 0.337890625, "eval/stats.episode_len": 1721.609375, "eval/stats.reach_goal": 0.349609375, "eval/stats.return": 6329.0771484375, "eval/stats.truncated": 0.662109375, "recording": {"_type": "video-file", "sha256": "9ab3e3d643bb7aa9f7ee88a4c8980ba0958c42cc49adff20f21a0349fc912112", "size": 5388839, "path": "media/videos/recording_6000_9ab3e3d643bb7aa9f7ee.mp4", "width": 960, "height": 720}, "_timestamp": 1764756560, "_runtime": 7476, "_step": 6103, "train/stats.truncated": 0.7562862634658813, "train/stats.collision": 0.24371373653411865, "train/stats.return": 6566.82958984375, "train/stats.episode_len": 1919.4119873046875, "train/stats.reach_goal": 0.676982581615448, "_wandb": {"runtime": 7474}}